id_contrato;probabilidade
C00018;0,9490445859872612
C00048;0,9490445859872612
C00053;0,9490445859872612
C00059;0,9490445859872612
C00228;0,9490445859872612
C00234;0,9490445859872612
C00245;0,9490445859872612
C00300;0,9490445859872612
C00326;0,9490445859872612
C00393;0,9490445859872612
C00424;0,9490445859872612
C00429;0,9490445859872612
C00471;0,9490445859872612
C00489;0,9490445859872612
C00522;0,9490445859872612
C00551;0,9490445859872612
C00555;0,9490445859872612
C00583;0,9490445859872612
C00589;0,9490445859872612
C00605;0,9490445859872612
C00676;0,9490445859872612
C00696;0,9490445859872612
C00719;0,9490445859872612
C00722;0,9490445859872612
C00735;0,9490445859872612
C00736;0,9490445859872612
C00829;0,9490445859872612
C00847;0,9490445859872612
C00863;0,9490445859872612
C00867;0,9490445859872612
C00875;0,9490445859872612
C00889;0,9490445859872612
C00891;0,9490445859872612
C00976;0,9490445859872612
C00978;0,9490445859872612
C00986;0,9490445859872612
C01031;0,9490445859872612
C01172;0,9490445859872612
C01194;0,9490445859872612
C01195;0,9490445859872612
C01214;0,9490445859872612
C01228;0,9490445859872612
C01230;0,9490445859872612
C01243;0,9490445859872612
C01287;0,9490445859872612
C01487;0,9490445859872612
C01498;0,9490445859872612
C01512;0,9490445859872612
C01587;0,9490445859872612
C01589;0,9490445859872612
C01593;0,9490445859872612
C01715;0,9490445859872612
C01720;0,9490445859872612
C01721;0,9490445859872612
C01770;0,9490445859872612
C01777;0,9490445859872612
C01819;0,9490445859872612
C01821;0,9490445859872612
C01874;0,9490445859872612
C01922;0,9490445859872612
C01930;0,9490445859872612
C01950;0,9490445859872612
C02019;0,9490445859872612
C02021;0,9490445859872612
C02051;0,9490445859872612
C02133;0,9490445859872612
C02168;0,9490445859872612
C02173;0,9490445859872612
C02247;0,9490445859872612
C02291;0,9490445859872612
C02294;0,9490445859872612
C02330;0,9490445859872612
C02346;0,9490445859872612
C02403;0,9490445859872612
C02416;0,9490445859872612
C02423;0,9490445859872612
C02501;0,9490445859872612
C02524;0,9490445859872612
C02553;0,9490445859872612
C02559;0,9490445859872612
